{
  "experiment_name": "Heart_Disease_CI",
  "run_id": "b48b6128c61441a38d07bf42e1cf48fb",
  "github_run_id": "local_run",
  "commit_sha": "unknown",
  "timestamp": "2025-06-22 10:18:31",
  "dataset_shape": "1025x31",
  "test_size": 0.2,
  "best_model": "Logistic Regression",
  "best_accuracy": 0.5073170731707317,
  "models_trained": 4,
  "output_directory": "D:\\LaskarAI\\latihan\\Membangun Sistem Machine Learning\\Workflow-CI\\MLProject\\outputs",
  "artifacts_directory": "D:\\LaskarAI\\latihan\\Membangun Sistem Machine Learning\\Workflow-CI\\MLProject\\outputs\\artifacts",
  "models_directory": "D:\\LaskarAI\\latihan\\Membangun Sistem Machine Learning\\Workflow-CI\\MLProject\\outputs\\models",
  "visualizations_directory": "D:\\LaskarAI\\latihan\\Membangun Sistem Machine Learning\\Workflow-CI\\MLProject\\outputs\\visualizations",
  "reports_directory": "D:\\LaskarAI\\latihan\\Membangun Sistem Machine Learning\\Workflow-CI\\MLProject\\outputs\\reports",
  "results": {
    "Logistic Regression": {
      "accuracy": 0.5073170731707317,
      "precision": 0.504934201053935,
      "recall": 0.5073170731707317,
      "f1_score": 0.5034032202097135,
      "balanced_accuracy": 0.5042405183914618,
      "matthews_corrcoef": 0.008617616207443883,
      "specificity": 0.41414141414141414,
      "npv": 0.4880952380952381,
      "fpr": 0.5858585858585859,
      "fdr": 0.4793388429752066,
      "roc_auc": 0.4943300933866972,
      "pr_auc": 0.49656315566054177,
      "log_loss": 0.7047022633768537,
      "training_time": 0.0030202865600585938,
      "cv_mean_accuracy": 0.47682926829268285,
      "cv_std_accuracy": 0.038833373970952836
    },
    "Random Forest": {
      "accuracy": 0.4634146341463415,
      "precision": 0.46407395541688146,
      "recall": 0.4634146341463415,
      "f1_score": 0.46356788586926234,
      "balanced_accuracy": 0.46345530779493044,
      "matthews_corrcoef": -0.07304763097376385,
      "specificity": 0.46464646464646464,
      "npv": 0.44660194174757284,
      "fpr": 0.5353535353535354,
      "fdr": 0.5196078431372549,
      "roc_auc": 0.46555174385363063,
      "pr_auc": 0.5137299853104691,
      "log_loss": 0.9760000632767678,
      "training_time": 0.272627592086792,
      "cv_mean_accuracy": 0.4439024390243903,
      "cv_std_accuracy": 0.01943582615915759
    },
    "Gradient Boosting": {
      "accuracy": 0.4097560975609756,
      "precision": 0.40955048078041334,
      "recall": 0.4097560975609756,
      "f1_score": 0.40964356565707644,
      "balanced_accuracy": 0.4089003239946636,
      "matthews_corrcoef": -0.18226884070580432,
      "specificity": 0.3838383838383838,
      "npv": 0.3877551020408163,
      "fpr": 0.6161616161616161,
      "fdr": 0.5700934579439252,
      "roc_auc": 0.41990661330283974,
      "pr_auc": 0.47504535905569434,
      "log_loss": 0.7726241479993329,
      "training_time": 0.17038917541503906,
      "cv_mean_accuracy": 0.46951219512195125,
      "cv_std_accuracy": 0.013904578354867525
    },
    "Support Vector Machine": {
      "accuracy": 0.4975609756097561,
      "precision": 0.49145765480840725,
      "recall": 0.4975609756097561,
      "f1_score": 0.4829759932108082,
      "balanced_accuracy": 0.4918048408614446,
      "matthews_corrcoef": -0.017395750776856237,
      "specificity": 0.32323232323232326,
      "npv": 0.47058823529411764,
      "fpr": 0.6767676767676768,
      "fdr": 0.48905109489051096,
      "roc_auc": 0.5216314084238612,
      "pr_auc": 0.5216670726907653,
      "log_loss": 0.6950277196873279,
      "training_time": 0.1549999713897705,
      "cv_mean_accuracy": 0.48658536585365847,
      "cv_std_accuracy": 0.01463414634146343
    }
  }
}