feature,importance
Feature_13,0.008022010392489435
Feature_20,0.008373181821656453
Feature_22,0.008462139773641169
Feature_25,0.011333627406143491
Feature_18,0.015183625329227683
Feature_26,0.017851291765924884
Feature_9,0.019845578635682006
Feature_7,0.020843490505285552
Feature_8,0.022389759617925845
Feature_27,0.024481529122264412
Feature_4,0.05519779869780931
Feature_0,0.11716104026254225
Feature_1,0.12035720148068262
Feature_2,0.2459598151965903
Feature_3,0.2516554058749842
